標題,網址
2003保護法案,/w/index.php?title=2003%E4%BF%9D%E8%AD%B7%E6%B3%95%E6%A1%88&action=edit&redlink=1
2008年美國總統選舉,/wiki/2008%E5%B9%B4%E7%BE%8E%E5%9C%8B%E7%B8%BD%E7%B5%B1%E9%81%B8%E8%88%89
Alexa Internet,/wiki/Alexa_Internet
Amazon.com,/wiki/Amazon.com
Android,/wiki/Android
Apache,/wiki/Apache
BBC微電腦系統,/w/index.php?title=BBC%E5%BE%AE%E9%9B%BB%E8%85%A6%E7%B3%BB%E7%B5%B1&action=edit&redlink=1
Bigipedia,/w/index.php?title=Bigipedia&action=edit&redlink=1
Business Insider,/wiki/Business_Insider
Chaos Computer Club,https://en.wikipedia.org/wiki/Chaos_Computer_Club
Copyleft,/wiki/Copyleft
Craigslist,/wiki/Craigslist
Everything2,/w/index.php?title=Everything2&action=edit&redlink=1
Facebook,/wiki/Facebook
GNE,/w/index.php?title=GNE&action=edit&redlink=1
GNU自由文件授權條款,/wiki/GNU%E8%87%AA%E7%94%B1%E6%96%87%E4%BB%B6%E6%8E%88%E6%AC%8A%E6%A2%9D%E6%AC%BE
GNU通用公眾授權條款,/wiki/GNU%E9%80%9A%E7%94%A8%E5%85%AC%E5%85%B1%E6%8E%88%E6%AC%8A%E6%A2%9D%E6%AC%BE
Google,/wiki/Google
H2G2,/w/index.php?title=H2G2_(%E7%B6%B2%E7%AB%99)&action=edit&redlink=1
HHVM,/wiki/HipHop_for_PHP#HHVM
Interpedia,/w/index.php?title=Interpedia&action=edit&redlink=1
Java,/wiki/Java
LVS,/wiki/Linux%E8%99%9A%E6%8B%9F%E6%9C%8D%E5%8A%A1%E5%99%A8
Linux,/wiki/Linux
Lucene,/wiki/Lucene
Marefa,/w/index.php?title=Marefa&action=edit&redlink=1
MediaWiki,/wiki/MediaWiki
MySQL,/wiki/MySQL
MySpace,/wiki/MySpace
OOPSLA,/wiki/OOPSLA
OpenSolaris,/wiki/OpenSolaris
PHP,/wiki/PHP
PLoS ONE,/wiki/PLoS_ONE
Palm Pre,/wiki/Palm_Pre
Perl,/wiki/Perl
PhpWiki,/w/index.php?title=PhpWiki&action=edit&redlink=1
RNA生物學,/w/index.php?title=RNA%E7%94%9F%E7%89%A9%E5%AD%B8&action=edit&redlink=1
Rfam,/w/index.php?title=Rfam&action=edit&redlink=1
Scholarpedia,/wiki/Scholarpedia
Slashdot,/wiki/Slashdot
Squid,/wiki/Squid_(%E8%BD%AF%E4%BB%B6)
Susning.nu,/w/index.php?title=Susning.nu&action=edit&redlink=1
TB,/wiki/%E5%A4%AA%E5%AD%97%E8%8A%82
The Harvard Crimson,/w/index.php?title=The_Harvard_Crimson&action=edit&redlink=1
Ubuntu,/wiki/Ubuntu
UseModWiki,/wiki/UseModWiki
Usenet,/wiki/Usenet
Varnish,/wiki/Varnish_cache
Wapedia,/wiki/Wapedia
Web 2.0,/wiki/Web_2.0
Wiki,/wiki/Wiki
YouTube,/wiki/YouTube
ZFS,/wiki/ZFS
comScore,/w/index.php?title=ComScore&action=edit&redlink=1
digg,/wiki/Digg
encyclopedia,/wiki/Encyclopedia
https,/wiki/Https
iPhone,/wiki/IPhone
nginx,/wiki/Nginx
wikiality,/w/index.php?title=%E8%8D%B7%E4%BC%AF%E5%A0%B1%E5%91%8A%E5%B0%8D%E6%96%BC%E7%A4%BE%E6%9C%83%E6%96%87%E5%8C%96%E7%9A%84%E5%BD%B1%E9%9F%BF&action=edit&redlink=1
一次文獻,/wiki/%E4%B8%80%E6%AC%A1%E6%96%87%E7%8D%BB
世界性,/wiki/%E4%B8%96%E7%95%8C
世界智慧財產權組織,/wiki/%E4%B8%96%E7%95%8C%E6%99%BA%E6%85%A7%E8%B2%A1%E7%94%A2%E6%AC%8A%E7%B5%84%E7%B9%94
中文,/wiki/%E4%B8%AD%E6%96%87%E7%B6%AD%E5%9F%BA%E7%99%BE%E7%A7%91
中立觀點,/wiki/Wikipedia:%E4%B8%AD%E7%AB%8B%E7%9A%84%E8%A7%80%E9%BB%9E
丹尼爾·杜殊,/w/index.php?title=%E4%B8%B9%E5%B0%BC%E7%88%BE%C2%B7%E6%9D%9C%E6%AE%8A&action=edit&redlink=1
九一一襲擊事件,/wiki/%E4%B9%9D%E4%B8%80%E4%B8%80%E8%A2%AD%E5%87%BB%E4%BA%8B%E4%BB%B6
五大支柱,/wiki/Wikipedia:%E4%BA%94%E5%A4%A7%E6%94%AF%E6%9F%B1
亞伯拉罕·林肯,/wiki/%E4%BA%9E%E4%BC%AF%E6%8B%89%E7%BD%95%C2%B7%E6%9E%97%E8%82%AF
交易成本,/wiki/%E4%BA%A4%E6%98%93%E6%88%90%E6%9C%AC
亨利·布洛吉特,/w/index.php?title=%E4%BA%A8%E5%88%A9%C2%B7%E5%B8%83%E6%B4%9B%E5%90%89%E7%89%B9&action=edit&redlink=1
人為破壞,/wiki/%E7%B6%AD%E5%9F%BA%E7%99%BE%E7%A7%91%E4%B8%8A%E7%9A%84%E4%BA%BA%E7%82%BA%E7%A0%B4%E5%A3%9E
人體性器官,/wiki/%E5%B0%8D%E7%B6%AD%E5%9F%BA%E7%99%BE%E7%A7%91%E7%9A%84%E6%89%B9%E8%A9%95#有風化的疑慮
今日美國,/wiki/%E4%BB%8A%E6%97%A5%E7%BE%8E%E5%9C%8B
仲裁委員會,/wiki/%E4%BB%B2%E8%A3%81%E5%A7%94%E5%93%A1%E6%9C%83_(%E8%8B%B1%E8%AA%9E%E7%B6%AD%E5%9F%BA%E7%99%BE%E7%A7%91)
佛羅里達州,/wiki/%E4%BD%9B%E7%BE%85%E9%87%8C%E9%81%94%E5%B7%9E
作亂訊息,/wiki/%E7%99%BD%E7%9B%AE
你,/wiki/%E4%BD%A0_(%E6%97%B6%E4%BB%A3%E5%B9%B4%E5%BA%A6%E9%A3%8E%E4%BA%91%E4%BA%BA%E7%89%A9)
俄語,/wiki/%E4%BF%84%E8%AA%9E%E7%B6%AD%E5%9F%BA%E7%99%BE%E7%A7%91
保守百科,/wiki/%E4%BF%9D%E5%AE%88%E7%99%BE%E7%A7%91
傑伊·沃爾什,/w/index.php?title=%E5%82%91%E4%BC%8A%C2%B7%E6%B2%83%E7%88%BE%E4%BB%80&action=edit&redlink=1
傑夫·貝佐斯,/wiki/%E6%9D%B0%E5%A4%AB%C2%B7%E8%B4%9D%E4%BD%90%E6%96%AF
元維基,/wiki/%E5%85%83%E7%B6%AD%E5%9F%BA
元資料,/wiki/%E5%85%83%E6%95%B0%E6%8D%AE
克利福德·亞當斯,/w/index.php?title=%E5%85%8B%E5%88%A9%E7%A6%8F%E5%BE%B7%C2%B7%E4%BA%9E%E7%95%B6%E6%96%AF&action=edit&redlink=1
克里斯·安德森,/wiki/%E5%85%8B%E9%87%8C%E6%96%AF%C2%B7%E5%AE%89%E5%BE%B7%E6%A3%AE
克雷格·紐馬克,/w/index.php?title=%E5%85%8B%E9%9B%B7%E6%A0%BC%C2%B7%E7%B4%90%E9%A6%AC%E5%85%8B&action=edit&redlink=1
兒童色情,/wiki/%E5%85%92%E7%AB%A5%E8%89%B2%E6%83%85
內科醫師資料查詢,/w/index.php?title=%E5%85%A7%E7%A7%91%E9%86%AB%E5%B8%AB%E6%95%B8%E6%93%9A%E6%9F%A5%E8%A9%A2&action=edit&redlink=1
全國婦女研究委員會,/w/index.php?title=%E5%85%A8%E5%9C%8B%E5%A9%A6%E5%A5%B3%E7%A0%94%E7%A9%B6%E5%A7%94%E5%93%A1%E6%9C%83&action=edit&redlink=1
公共領域,/wiki/%E5%85%AC%E5%85%B1%E9%A0%98%E5%9F%9F
公眾人物,/wiki/%E5%85%AC%E7%9C%BE%E4%BA%BA%E7%89%A9
出版商,/wiki/%E5%87%BA%E7%89%88%E5%95%86
前端,/wiki/%E5%89%8D%E7%AB%AF%E5%92%8C%E5%90%8E%E7%AB%AF
創用CC,/wiki/%E5%89%B5%E7%94%A8CC
創用CC姓名標示-相同方式分享3.0協定,/w/index.php?title=Wikipedia:%E6%8E%88%E6%AC%8A%E5%8D%94%E8%AD%B0%E6%9B%B4%E6%96%B0&action=edit&redlink=1
創用CC授權,/wiki/%E5%89%B5%E6%84%8F%E5%85%B1%E7%94%A8
劇集列表,/wiki/%E5%A4%AA%E7%A9%BA%E5%A0%A1%E5%A3%98%E5%8D%A1%E6%8B%89%E7%8B%84%E5%8A%A0%E5%8A%87%E9%9B%86%E5%88%97%E8%A1%A8
加拿大國會,/wiki/%E5%8A%A0%E6%8B%BF%E5%A4%A7%E5%9C%8B%E6%9C%83
勝利女神四馬戰車獎,/w/index.php?title=%E5%8B%9D%E5%88%A9%E5%A5%B3%E7%A5%9E%E5%9B%9B%E9%A6%AC%E6%88%B0%E8%BB%8A%E7%8D%8E&action=edit&redlink=1
半保護,/wiki/Wikipedia:%E9%A0%81%E9%9D%A2%E4%BF%9D%E8%AD%B7%E6%96%B9%E9%87%9D
協同編輯,/wiki/%E5%8D%8F%E5%90%8C%E7%BC%96%E8%BE%91
南北戰爭,/wiki/%E5%8D%97%E5%8C%97%E6%88%B0%E7%88%AD
卡內基美隆大學,/wiki/%E5%8D%A1%E5%85%A7%E5%9F%BA%E7%BE%8E%E9%9A%86%E5%A4%A7%E5%AD%B8
反社會行為,/wiki/%E5%8F%8D%E7%A4%BE%E6%9C%83%E8%A1%8C%E7%82%BA
反精英主義,/wiki/%E8%8F%81%E8%8B%B1%E4%B8%BB%E7%BE%A9
可口可樂,/wiki/%E5%8F%AF%E5%8F%A3%E5%8F%AF%E6%A8%82
可讀性,/wiki/%E5%8F%AF%E8%AE%80%E6%80%A7
史提芬·荷伯,/wiki/%E5%8F%B2%E6%8F%90%E8%8A%AC%C2%B7%E8%8D%B7%E4%BC%AF
合理使用,/wiki/%E5%90%88%E7%90%86%E4%BD%BF%E7%94%A8
吉米·卡特,/wiki/%E5%90%89%E7%B1%B3%C2%B7%E5%8D%A1%E7%89%B9
吉米·威爾斯,/wiki/%E5%90%89%E7%B1%B3%C2%B7%E5%A8%81%E7%88%BE%E6%96%AF
同性婚姻,/wiki/%E5%90%8C%E6%80%A7%E5%A9%9A%E5%A7%BB
同行評審,/wiki/%E5%90%8C%E8%A1%8C%E8%A9%95%E5%AF%A9
含有兒童色情的圖像,/w/index.php?title=%E7%B6%AD%E5%9F%BA%E5%85%B1%E4%BA%AB%E8%B3%87%E6%BA%90%E4%B8%8A%E5%8C%85%E6%8B%AC%E5%85%92%E7%AB%A5%E8%89%B2%E6%83%85%E7%9A%84%E5%A0%B1%E5%91%8A&action=edit&redlink=1
品牌頻道,/w/index.php?title=%E5%93%81%E7%89%8C%E9%A0%BB%E9%81%93&action=edit&redlink=1
哈佛法學院,/wiki/%E5%93%88%E4%BD%9B%E6%B3%95%E5%AD%A6%E9%99%A2
商業廣告,/wiki/%E5%95%86%E4%B8%9A%E5%B9%BF%E5%91%8A
問責制度,/wiki/%E5%95%8F%E8%B2%AC%E5%88%B6
喬納森·齊特林,/wiki/%E4%B9%94%E7%BA%B3%E6%A3%AE%C2%B7%E9%BD%90%E7%89%B9%E6%9E%97
國民婚姻法令,/wiki/%E6%B0%91%E4%BA%8B%E5%A9%9A%E5%A7%BB%E6%B3%95%E6%A1%88
國際數字藝術與科學學院,/w/index.php?title=%E5%9C%8B%E9%9A%9B%E6%95%B8%E5%AD%97%E8%97%9D%E8%A1%93%E8%88%87%E7%A7%91%E5%AD%B8%E5%AD%B8%E9%99%A2&action=edit&redlink=1
地理資訊,/wiki/%E5%9C%B0%E7%90%86%E4%BF%A1%E6%81%AF%E7%B3%BB%E7%BB%9F
坦帕,/wiki/%E5%9D%A6%E5%B8%95_(%E4%BD%9B%E7%BE%85%E9%87%8C%E9%81%94%E5%B7%9E)
垃圾郵件,/wiki/%E5%9E%83%E5%9C%BE%E9%83%B5%E4%BB%B6
塔哈·亞西爾,/w/index.php?title=%E5%A1%94%E5%93%88%C2%B7%E4%BA%9E%E8%A5%BF%E7%88%BE&action=edit&redlink=1
多層次架構,/w/index.php?title=%E5%A4%9A%E5%B1%A4%E6%AC%A1%E6%9E%B6%E6%A7%8B&action=edit&redlink=1
多語言,/wiki/%E5%A4%9A%E8%AF%AD%E5%88%B6
大學笑了沒,/w/index.php?title=%E5%A4%A7%E5%AD%B8%E7%AC%91%E4%BA%86%E6%B2%92&action=edit&redlink=1
大幅報導,/w/index.php?title=%E7%B6%AD%E5%9F%BA%E7%99%BE%E7%A7%91%E7%9A%84%E5%82%B3%E8%A8%98%E7%88%AD%E8%AB%96&action=edit&redlink=1
大眾百科,/wiki/%E5%A4%A7%E4%BC%97%E7%99%BE%E7%A7%91
大膽、回退和討論,/w/index.php?title=Wikipedia:%E5%A4%A7%E8%86%BD%E3%80%81%E5%9B%9E%E9%80%80%E5%92%8C%E8%A8%8E%E8%AB%96&action=edit&redlink=1
大英百科全書,/wiki/%E5%A4%A7%E8%8B%B1%E7%99%BE%E7%A7%91%E5%85%A8%E4%B9%A6
大衛·溫伯格,/w/index.php?title=%E5%A4%A7%E8%A1%9B%C2%B7%E6%BA%AB%E4%BC%AF%E6%A0%BC&action=edit&redlink=1
大韓民國,/wiki/%E5%A4%A7%E9%9F%93%E6%B0%91%E5%9C%8B
大麥克漢堡,/wiki/%E5%A4%A7%E9%BA%A5%E5%85%8B%E6%BC%A2%E5%A0%A1
太空堡壘卡拉狄加,/wiki/%E5%A4%AA%E7%A9%BA%E5%A0%A1%E5%9E%92%E5%8D%A1%E6%8B%89%E7%8B%84%E5%8A%A0
威廉·昆特里爾,/w/index.php?title=%E5%A8%81%E5%BB%89%C2%B7%E6%98%86%E7%89%B9%E9%87%8C%E7%88%BE&action=edit&redlink=1
威比獎,/wiki/%E5%A8%81%E6%AF%94%E5%A5%96
子域名,/wiki/%E5%AD%90%E5%9F%9F%E5%90%8D
學報,/wiki/%E5%AD%A6%E6%8A%A5
學術,/wiki/%E5%AD%A6%E6%9C%AF
學院講師,/w/index.php?title=%E5%AD%B8%E9%99%A2%E8%AC%9B%E5%B8%AB&action=edit&redlink=1
安德烈·奇福利利,/w/index.php?title=%E5%AE%89%E5%BE%B7%E7%83%88%C2%B7%E5%A5%87%E7%A6%8F%E5%88%A9%E5%88%A9&action=edit&redlink=1
安德魯·奧羅斯基,/w/index.php?title=%E5%AE%89%E5%BE%B7%E9%AD%AF%C2%B7%E5%A5%A7%E7%BE%85%E6%96%AF%E5%9F%BA&action=edit&redlink=1
宗教,/wiki/%E5%AE%97%E6%95%99
官方網站,https://www.wikipedia.org
宿霧語,/wiki/%E5%AE%BF%E9%9C%A7%E8%AA%9E%E7%B6%AD%E5%9F%BA%E7%99%BE%E7%A7%91
實施審查制度,/wiki/%E5%AF%B9%E7%BB%B4%E5%9F%BA%E7%99%BE%E7%A7%91%E7%9A%84%E5%AE%A1%E6%9F%A5
實習醫生成長記,/wiki/%E5%AF%A6%E7%BF%92%E9%86%AB%E7%94%9F%E6%88%90%E9%95%B7%E8%A8%98
專家,/wiki/%E5%B0%88%E5%AE%B6
專有伺服器,/wiki/%E4%B8%93%E6%9C%89%E6%9C%8D%E5%8A%A1%E5%99%A8
專題,/wiki/Wikipedia:%E5%B0%88%E9%A1%8C
小作品,/wiki/Wikipedia:%E5%B0%8F%E4%BD%9C%E5%93%81
尼可拉斯·卡爾,/wiki/%E5%B0%BC%E5%8F%A4%E6%8B%89%E6%96%AF%C2%B7%E5%8D%A1%E5%B0%94
屍體,/wiki/%E5%B1%8D%E9%AB%94
嵌入包含,/wiki/%E5%B5%8C%E5%85%A5_(%E7%B6%B2%E8%B7%AF)
州份,/wiki/%E7%BE%8E%E5%9C%8B%E5%B7%9E%E4%BB%BD
巨集,/wiki/%E5%B7%A8%E9%9B%86
布里昂·維伯,/w/index.php?title=%E5%B8%83%E9%87%8C%E6%98%82%C2%B7%E7%B6%AD%E4%BC%AF&action=edit&redlink=1
帕羅奧多研究中心,/wiki/%E5%B8%95%E7%BE%85%E5%A5%A7%E5%A4%9A%E7%A0%94%E7%A9%B6%E4%B8%AD%E5%BF%83
引擎,/wiki/Wiki%E5%BC%95%E6%93%8E
彼德·蓋布瑞爾,/wiki/%E5%BD%BC%E5%BE%97%C2%B7%E8%93%8B%E5%B8%83%E7%91%9E%E7%88%BE
微軟,/wiki/%E5%BE%AE%E8%BB%9F
德國,/w/index.php?title=%E5%BE%B7%E5%9C%8B%E9%9F%B3%E6%A8%82&action=edit&redlink=1
德意志工場基金會,/w/index.php?title=%E5%BE%B7%E6%84%8F%E5%BF%97%E5%B7%A5%E5%A0%B4%E5%9F%BA%E9%87%91%E6%9C%83&action=edit&redlink=1
德語維基百科,/wiki/%E5%BE%B7%E8%AA%9E%E7%B6%AD%E5%9F%BA%E7%99%BE%E7%A7%91
志願者,/wiki/%E7%BB%B4%E5%9F%BA%E7%99%BE%E7%A7%91%E7%A4%BE%E7%BE%A4
戀童,/wiki/%E6%88%80%E7%AB%A5
我的第一名醫生,/w/index.php?title=%E5%AF%A6%E7%BF%92%E9%86%AB%E7%94%9F%E6%88%90%E9%95%B7%E8%A8%98_(%E7%AC%AC%E4%B8%83%E5%AD%A3)&action=edit&redlink=1
抄襲,/wiki/%E6%8A%84%E8%A5%B2
投票,/wiki/%E6%8A%95%E7%A5%A8
指數增長,/wiki/%E6%8C%87%E6%95%B8%E5%A2%9E%E9%95%B7
捐贈,/wiki/%E6%8D%90%E8%B4%88
擴展情況,/wiki/Wikipedia:%E6%9D%A1%E7%9B%AE%E8%B4%A8%E9%87%8F%E8%AF%84%E7%BA%A7%E6%A0%87%E5%87%86
政治,/wiki/%E6%94%BF%E6%B2%BB
文字拼寫,/w/index.php?title=%E7%BE%8E%E5%BC%8F%E8%8B%B1%E8%AA%9E%E5%92%8C%E8%8B%B1%E5%BC%8F%E8%8B%B1%E8%AA%9E%E7%9A%84%E6%8B%BC%E5%AF%AB%E5%B7%AE%E7%95%B0&action=edit&redlink=1
文獻資料工作雜誌,/w/index.php?title=%E6%96%87%E7%8D%BB%E8%B3%87%E6%96%99%E5%B7%A5%E4%BD%9C%E9%9B%9C%E8%AA%8C&action=edit&redlink=1
日語維基百科,/wiki/%E6%97%A5%E8%AA%9E%E7%B6%AD%E5%9F%BA%E7%99%BE%E7%A7%91
明確的權力結構,https://meta.wikimedia.org/wiki/%E6%AC%8A%E5%8A%9B%E6%9E%B6%E6%A7%8B
時代,/wiki/%E6%99%82%E4%BB%A3_(%E9%9B%9C%E8%AA%8C)
時代年度風雲人物,/wiki/%E6%99%82%E4%BB%A3%E5%B9%B4%E5%BA%A6%E9%A2%A8%E9%9B%B2%E4%BA%BA%E7%89%A9
普寧娜·肖傑夫,/w/index.php?title=%E6%99%AE%E5%AF%A7%E5%A8%9C%C2%B7%E8%82%96%E8%AC%9D%E5%A4%AB&action=edit&redlink=1
暫緩,/wiki/%E7%B7%A9%E5%88%91
最近更改,/wiki/Help:%E6%9C%80%E8%BF%91%E6%9B%B4%E6%94%B9
李·丹尼爾·克羅克,/wiki/%E6%9D%8E%C2%B7%E4%B8%B9%E5%B0%BC%E5%B0%94%C2%B7%E5%85%8B%E7%BD%97%E5%85%8B
杜殊,/w/index.php?title=%E6%9D%9C%E6%AE%8A&action=edit&redlink=1
柏林喜歌劇院,/wiki/%E6%9F%8F%E6%9E%97%E5%96%9C%E6%AD%8C%E5%8A%87%E9%99%A2
柏林市法院,/w/index.php?title=%E6%9F%8F%E6%9E%97%E5%B8%82%E6%B3%95%E9%99%A2&action=edit&redlink=1
條目,/wiki/Wikipedia:%E4%BB%80%E9%BA%BC%E6%98%AF%E6%A2%9D%E7%9B%AE
條目題材,/wiki/Wikipedia:%E9%A0%81%E9%9D%A2%E5%88%86%E9%A1%9E
概念出現,/wiki/%E7%B6%AD%E5%9F%BA%E7%99%BE%E7%A7%91%E7%9A%84%E5%88%AA%E9%99%A4%E4%B8%BB%E7%BE%A9%E5%92%8C%E4%BF%9D%E7%95%99%E4%B8%BB%E7%BE%A9
樂團,/wiki/%E6%B5%81%E8%A1%8C%E6%A8%82%E5%9C%98
機器人,/wiki/%E7%BD%91%E7%BB%9C%E6%9C%BA%E5%99%A8%E4%BA%BA
歐元,/wiki/%E6%AD%90%E5%85%83
法蘭科·格瑞里尼,/w/index.php?title=%E6%B3%95%E8%98%AD%E9%AB%98%C2%B7%E6%A0%BC%E7%91%9E%E9%87%8C%E5%B0%BC&action=edit&redlink=1
法語,/wiki/%E6%B3%95%E8%AA%9E%E7%B6%AD%E5%9F%BA%E7%99%BE%E7%A7%91
波蘭語,/wiki/%E6%B3%A2%E8%98%AD%E8%AA%9E%E7%B6%AD%E5%9F%BA%E7%99%BE%E7%A7%91
泰勒·科文,/wiki/%E6%B3%B0%E5%8B%92%C2%B7%E7%A7%91%E6%96%87
洋蔥新聞,/wiki/%E6%B4%8B%E8%91%B1%E6%96%B0%E9%97%BB
洛伊·羅森維,/w/index.php?title=%E6%B4%9B%E4%BC%8A%C2%B7%E7%BE%85%E6%A3%AE%E7%B6%AD&action=edit&redlink=1
派瑞·考克斯,/w/index.php?title=%E6%B4%BE%E7%91%9E%C2%B7%E8%80%83%E5%85%8B%E6%96%AF&action=edit&redlink=1
流行文化,/wiki/%E6%B5%81%E8%A1%8C%E6%96%87%E5%8C%96
混成詞,/wiki/%E6%B7%B7%E6%88%90%E8%A9%9E
混沌電腦俱樂部,/w/index.php?title=%E6%B7%B7%E6%B2%8C%E9%9B%BB%E8%85%A6%E4%BF%B1%E6%A8%82%E9%83%A8&action=edit&redlink=1
湯瑪斯·傑佛遜大學,/w/index.php?title=%E6%B9%AF%E7%91%AA%E6%96%AF%C2%B7%E5%82%91%E4%BD%9B%E9%81%9C%E5%A4%A7%E5%AD%B8&action=edit&redlink=1
澳洲國立大學,/wiki/%E6%BE%B3%E6%B4%B2%E5%9C%8B%E7%AB%8B%E5%A4%A7%E5%AD%B8
無線應用協定,/wiki/%E6%97%A0%E7%BA%BF%E5%BA%94%E7%94%A8%E5%8D%8F%E8%AE%AE
無線裝置,/wiki/%E6%99%BA%E8%83%BD%E6%89%8B%E6%9C%BA
營養師,/wiki/%E7%87%9F%E9%A4%8A%E5%B8%AB
爭論,/w/index.php?title=%E7%88%AD%E8%BE%AF&action=edit&redlink=1
牛津網際網路研究所,/w/index.php?title=%E7%89%9B%E6%B4%A5%E7%B6%B2%E9%9A%9B%E7%B6%B2%E8%B7%AF%E7%A0%94%E7%A9%B6%E6%89%80&action=edit&redlink=1
猥褻,/wiki/%E7%8C%A5%E8%A4%BB
珍娜·弗萊,/w/index.php?title=%E7%8F%8D%E5%A6%AE%C2%B7%E5%BC%97%E8%90%8A&action=edit&redlink=1
理察·布蘭遜,/wiki/%E6%9D%8E%E5%AF%9F%C2%B7%E5%B8%83%E8%98%AD%E9%81%9C
理查·斯托曼,/wiki/%E7%90%86%E5%AF%9F%C2%B7%E6%96%AF%E6%89%98%E6%9B%BC
琳達·巴施,/w/index.php?title=%E7%90%B3%E9%81%94%C2%B7%E5%B7%B4%E6%96%BD&action=edit&redlink=1
瑞克·蓋茲,/w/index.php?title=%E7%91%9E%E5%85%8B%C2%B7%E8%93%8B%E8%8C%A8&action=edit&redlink=1
瑞典語,/wiki/%E7%91%9E%E5%85%B8%E8%AA%9E%E7%B6%AD%E5%9F%BA%E7%99%BE%E7%A7%91
瓦瑞語,/wiki/%E7%93%A6%E7%91%9E%E8%AA%9E%E7%B6%AD%E5%9F%BA%E7%99%BE%E7%A7%91
生命大百科全書,/wiki/%E7%94%9F%E5%91%BD%E5%A4%A7%E7%99%BE%E7%A7%91%E5%85%A8%E6%9B%B8
生食主義,/wiki/%E7%94%9F%E9%A3%9F%E4%B8%BB%E7%BE%A9
用戶自行創作內容,/wiki/%E7%94%A8%E6%88%B6%E7%94%9F%E6%88%90%E5%85%A7%E5%AE%B9
百度百科,/wiki/%E7%99%BE%E5%BA%A6%E7%99%BE%E7%A7%91
百科全書式,/wiki/%E7%99%BE%E7%A7%91%E5%85%A8%E6%9B%B8%E5%BC%8F
皮尤研究中心,/wiki/%E7%9A%AE%E5%B0%A4%E7%A0%94%E7%A9%B6%E4%B8%AD%E5%BF%83
真實生活,/w/index.php?title=%E7%9C%9F%E5%AF%A6%E7%94%9F%E6%B4%BB&action=edit&redlink=1
知識,/wiki/%E7%9F%A5%E8%AD%98
知識庫,/wiki/%E7%9F%A5%E8%AD%98%E5%BA%AB
破壞,/wiki/%E7%A0%B4%E5%A3%9E
硬調色情,/wiki/%E7%A1%AC%E8%AA%BF%E8%89%B2%E6%83%85
磁碟空間,/wiki/%E7%A3%81%E7%9B%98%E7%A9%BA%E9%97%B4
禁止用戶存取維基百科4天,/wiki/%E7%BD%91%E7%BB%9C%E8%A7%82%E5%AF%9F%E5%9F%BA%E9%87%91%E4%BC%9A%E4%B8%8E%E7%BB%B4%E5%9F%BA%E7%99%BE%E7%A7%91
種種方針和指引,/wiki/Wikipedia:%E6%96%B9%E9%87%9D%E8%88%87%E6%8C%87%E5%BC%95
穆罕默德的圖像表達,/w/index.php?title=%E7%A9%86%E7%BD%95%E9%BB%98%E5%BE%B7%E7%9A%84%E5%9C%96%E5%83%8F%E8%A1%A8%E9%81%94&action=edit&redlink=1
簡易英語維基百科,/wiki/%E7%B0%A1%E6%98%93%E8%8B%B1%E8%AA%9E%E7%B6%AD%E5%9F%BA%E7%99%BE%E7%A7%91
糞便,/wiki/%E7%B3%9E%E4%BE%BF
系統性偏差,/w/index.php?title=%E7%B3%BB%E7%B5%B1%E6%80%A7%E5%81%8F%E5%B7%AE&action=edit&redlink=1
約翰·席根塔勒,/wiki/%E7%BA%A6%E7%BF%B0%C2%B7%E5%B8%AD%E6%A0%B9%E5%A1%94%E5%8B%92
紐約公共圖書館,/wiki/%E7%B4%90%E7%B4%84%E5%85%AC%E5%85%B1%E5%9C%96%E6%9B%B8%E9%A4%A8
經濟學人,/wiki/%E7%B6%93%E6%BF%9F%E5%AD%B8%E4%BA%BA
維基共享資源,/wiki/%E7%B6%AD%E5%9F%BA%E5%85%B1%E4%BA%AB%E8%B3%87%E6%BA%90
維基媒體基金會,/wiki/%E7%B6%AD%E5%9F%BA%E5%AA%92%E9%AB%94%E5%9F%BA%E9%87%91%E6%9C%83
維基學院,/wiki/%E7%B6%AD%E5%9F%BA%E5%AD%B8%E9%99%A2
維基掃描器,/wiki/%E7%B6%AD%E5%9F%BA%E6%8E%83%E6%8F%8F%E5%99%A8
維基教科書,/wiki/%E7%B6%AD%E5%9F%BA%E6%95%99%E7%A7%91%E6%9B%B8
維基文庫,/wiki/%E7%B6%AD%E5%9F%BA%E6%96%87%E5%BA%AB
維基新聞,/wiki/%E7%B6%AD%E5%9F%BA%E6%96%B0%E8%81%9E
維基星章,/wiki/Wikipedia:%E7%B6%AD%E5%9F%BA%E6%98%9F%E7%AB%A0
維基物種,/wiki/%E7%B6%AD%E5%9F%BA%E7%89%A9%E7%A8%AE
維基百科愛圖書館,/w/index.php?title=Wikipedia:%E7%B6%AD%E5%9F%BA%E7%99%BE%E7%A7%91%E6%84%9B%E5%9C%96%E6%9B%B8%E9%A4%A8&action=edit&redlink=1
維基簡訊,/wiki/Wikipedia:%E7%B6%AD%E5%9F%BA%E7%B0%A1%E8%A8%8A
維基詞典,/wiki/%E7%B6%AD%E5%9F%BA%E8%A9%9E%E5%85%B8
維基語錄,/wiki/%E7%B6%AD%E5%9F%BA%E8%AA%9E%E9%8C%84
維珍集團,/wiki/%E7%B6%AD%E7%8F%8D%E9%9B%86%E5%9C%98
網域名稱轉址,/wiki/%E7%B6%B2%E5%9F%9F%E5%90%8D%E7%A8%B1%E8%BD%89%E5%9D%80
網站,/wiki/%E7%B6%B2%E7%AB%99
網路位址,/wiki/%E7%B6%B2%E9%9A%9B%E5%8D%94%E8%AD%B0
網路百科全書,/wiki/%E7%B6%B2%E7%B5%A1%E7%99%BE%E7%A7%91%E5%85%A8%E6%9B%B8
網路的未來,/w/index.php?title=%E7%B6%B2%E8%B7%AF%E7%9A%84%E6%9C%AA%E4%BE%86&action=edit&redlink=1
網路空間,/wiki/%E4%BF%A1%E6%81%AF%E7%A9%BA%E9%97%B4
網路蜘蛛,/wiki/%E7%B6%B2%E8%B7%AF%E8%9C%98%E8%9B%9B
網路觀察基金會,/wiki/%E7%BD%91%E7%BB%9C%E8%A7%82%E5%AF%9F%E5%9F%BA%E9%87%91%E4%BC%9A
網際網路,/wiki/%E7%B6%B2%E9%9A%9B%E7%B6%B2%E8%B7%AF
網際網路代管服務,/wiki/%E4%BA%92%E8%81%94%E7%BD%91%E6%89%98%E7%AE%A1%E6%9C%8D%E5%8A%A1
網際網路服務提供商,/wiki/%E4%BA%92%E8%81%94%E7%BD%91%E6%9C%8D%E5%8A%A1%E6%8F%90%E4%BE%9B%E5%95%86
網頁伺服器,/wiki/%E7%B6%B2%E9%A0%81%E4%BC%BA%E6%9C%8D%E5%99%A8
網頁模板,/wiki/%E7%B6%B2%E9%A0%81%E6%A8%A1%E6%9D%BF
網頁瀏覽器,/wiki/%E7%B6%B2%E9%A0%81%E7%80%8F%E8%A6%BD%E5%99%A8
羅勃特·麥克亨利,/w/index.php?title=%E7%BE%85%E5%8B%83%E7%89%B9%C2%B7%E9%BA%A5%E5%85%8B%E4%BA%A8%E5%88%A9&action=edit&redlink=1
美化,/wiki/%E6%94%BF%E6%B2%BB%E5%8C%96%E5%A6%9D%E5%B8%AB
美國,/wiki/%E7%BE%8E%E5%9C%8B
美國傳記大詞典,/w/index.php?title=%E7%BE%8E%E5%9C%8B%E5%82%B3%E8%A8%98%E5%A4%A7%E8%A9%9E%E5%85%B8&action=edit&redlink=1
美國圖書館協會,/wiki/%E7%BE%8E%E5%9C%8B%E5%9C%96%E6%9B%B8%E9%A4%A8%E5%8D%94%E6%9C%83
美國情報體系,/wiki/%E7%BE%8E%E5%9C%8B%E6%83%85%E5%A0%B1%E9%AB%94%E7%B3%BB
美國猥褻法,/w/index.php?title=%E7%BE%8E%E5%9C%8B%E7%8C%A5%E8%A4%BB%E6%B3%95&action=edit&redlink=1
美國眾議院,/wiki/%E7%BE%8E%E5%9C%8B%E7%9C%BE%E8%AD%B0%E9%99%A2
美國聯邦法院,/wiki/%E7%BE%8E%E5%9C%8B%E8%81%AF%E9%82%A6%E6%B3%95%E9%99%A2
群體智慧型,/wiki/%E7%BE%A4%E9%AB%94%E7%9A%84%E6%99%BA%E6%85%A7
義大利語,/wiki/%E7%BE%A9%E5%A4%A7%E5%88%A9%E8%AA%9E%E7%B6%AD%E5%9F%BA%E7%99%BE%E7%A7%91
翻譯其他語言版本,/wiki/Wikipedia:%E7%BF%BB%E8%AD%AF%E8%AB%8B%E6%B1%82
聯邦調查局,/wiki/%E8%81%AF%E9%82%A6%E8%AA%BF%E6%9F%A5%E5%B1%80
胡佛吸塵器公司,/w/index.php?title=%E8%83%A1%E4%BD%9B%E5%90%B8%E5%A1%B5%E5%99%A8%E5%85%AC%E5%8F%B8&action=edit&redlink=1
自然,/wiki/%E8%87%AA%E7%84%B6_(%E6%9C%9F%E5%88%8A)
自由,/wiki/%E8%87%AA%E7%94%B1
自由內容,/wiki/%E8%87%AA%E7%94%B1%E5%85%A7%E5%AE%B9
自由百科,/wiki/%E8%87%AA%E7%94%B1%E7%99%BE%E7%A7%91
自由論壇,/wiki/%E8%87%AA%E7%94%B1%E8%AB%96%E5%A3%87
自由軟體,/wiki/%E8%87%AA%E7%94%B1%E8%BB%9F%E9%AB%94
自由軟體基金會,/wiki/%E8%87%AA%E7%94%B1%E8%BB%9F%E9%AB%94%E5%9F%BA%E9%87%91%E6%9C%83
自由風景,/w/index.php?title=%E8%87%AA%E7%94%B1%E9%A2%A8%E6%99%AF&action=edit&redlink=1
與奧地利,/w/index.php?title=%E8%88%87%E5%A5%A7%E5%9C%B0%E5%88%A9&action=edit&redlink=1
艾倫·斯華茲,/wiki/%E4%BA%9A%E4%BC%A6%C2%B7%E6%96%AF%E6%B2%83%E8%8C%A8
艾瑞克·高德曼,/w/index.php?title=%E5%9F%83%E9%87%8C%E5%85%8B%C2%B7%E9%AB%98%E5%BE%B7%E6%9B%BC&action=edit&redlink=1
英國廣播公司廣播第四電台,/w/index.php?title=%E8%8B%B1%E5%9C%8B%E5%BB%A3%E6%92%AD%E5%85%AC%E5%8F%B8%E5%BB%A3%E6%92%AD%E7%AC%AC%E5%9B%9B%E9%9B%BB%E5%8F%B0&action=edit&redlink=1
英國廣播公司末日審判書,/w/index.php?title=%E8%8B%B1%E5%9C%8B%E5%BB%A3%E6%92%AD%E5%85%AC%E5%8F%B8%E6%9C%AB%E6%97%A5%E5%AF%A9%E5%88%A4%E6%9B%B8&action=edit&redlink=1
英語維基百科,/wiki/%E8%8B%B1%E8%AA%9E%E7%B6%AD%E5%9F%BA%E7%99%BE%E7%A7%91
范德堡大學,/wiki/%E8%8C%83%E5%BE%B7%E5%A0%A1%E5%A4%A7%E5%AD%B8
荷伯報告,/wiki/%E8%8D%B7%E4%BC%AF%E5%A0%B1%E5%91%8A
荷蘭,/wiki/%E8%8D%B7%E8%98%AD
荷蘭語,/wiki/%E8%8D%B7%E8%98%AD%E8%AA%9E%E7%B6%AD%E5%9F%BA%E7%99%BE%E7%A7%91
華倫·巴菲特,/wiki/%E8%8F%AF%E5%80%AB%C2%B7%E5%B7%B4%E8%8F%B2%E7%89%B9
華盛頓郵報,/wiki/%E8%8F%AF%E7%9B%9B%E9%A0%93%E9%83%B5%E5%A0%B1
著作權,/wiki/%E8%91%97%E4%BD%9C%E6%AC%8A
著作權法,/wiki/%E8%91%97%E4%BD%9C%E6%9D%83%E6%B3%95_(%E6%97%A5%E6%9C%AC)
蘇·加德納,/wiki/%E8%98%87%C2%B7%E5%8A%A0%E5%BE%B7%E7%B4%8D
蘿莉控,/wiki/%E8%98%BF%E8%8E%89%E6%8E%A7
處女殺手,/wiki/%E8%99%95%E5%A5%B3%E6%AE%BA%E6%89%8B
蠍子樂隊,/wiki/%E8%A0%8D%E5%AD%90%E6%A8%82%E9%9A%8A
行動裝置網頁,/w/index.php?title=%E8%A1%8C%E5%8B%95%E8%A3%9D%E7%BD%AE%E7%B6%B2%E9%A0%81&action=edit&redlink=1
複製,/wiki/%E5%85%8B%E9%9A%86_(%E4%BF%A1%E6%81%AF%E5%AD%A6)
西班牙語,/wiki/%E8%A5%BF%E7%8F%AD%E7%89%99%E8%AA%9E%E7%B6%AD%E5%9F%BA%E7%99%BE%E7%A7%91
計算機叢集,/wiki/%E8%A8%88%E7%AE%97%E6%A9%9F%E5%8F%A2%E9%9B%86
詞典,/wiki/%E8%A9%9E%E5%85%B8
詢問處,/wiki/Wikipedia:%E8%A9%A2%E5%95%8F%E8%99%95
詹姆士·麥克佛森,/w/index.php?title=%E8%A9%B9%E5%A7%86%E6%96%AF%C2%B7%E9%BA%A5%E5%85%8B%E4%BD%9B%E6%A3%AE&action=edit&redlink=1
語言,/wiki/%E8%AA%9E%E8%A8%80
調解,/wiki/%E8%AA%BF%E8%A7%A3
調解委員會,/wiki/Wikipedia:%E8%AA%BF%E8%A7%A3%E5%A7%94%E5%93%A1%E6%9C%83
談判,/wiki/%E8%AB%87%E5%88%A4
變數,/wiki/%E8%AE%8A%E6%95%B8_(%E7%A8%8B%E5%BA%8F%E8%A8%AD%E8%A8%88)
財政年度,/wiki/%E8%B2%A1%E6%94%BF%E5%B9%B4%E5%BA%A6
資料庫伺服器,/wiki/%E6%95%B0%E6%8D%AE%E5%BA%93%E6%9C%8D%E5%8A%A1%E5%99%A8
資料庫轉儲存,/w/index.php?title=%E6%95%B8%E6%93%9A%E5%BA%AB%E8%BD%89%E5%84%B2%E5%AD%98&action=edit&redlink=1
資格,/w/index.php?title=%E8%B3%87%E6%A0%BC&action=edit&redlink=1
賈科莫·波代里,/w/index.php?title=%E8%B3%88%E7%A7%91%E8%8E%AB%C2%B7%E6%B3%A2%E4%BB%A3%E9%87%8C&action=edit&redlink=1
賴利·桑格,/wiki/%E6%8B%89%E9%87%8C%C2%B7%E6%A1%91%E6%A0%BC
越南語,/wiki/%E8%B6%8A%E5%8D%97%E8%AA%9E%E7%B6%AD%E5%9F%BA%E7%99%BE%E7%A7%91
跨Wiki連結,/wiki/%E8%B7%A8Wiki%E9%93%BE%E6%8E%A5
路透社,/wiki/%E8%B7%AF%E9%80%8F%E7%A4%BE
辦公室,/wiki/%E8%BE%A6%E5%85%AC%E5%AE%A4_(%E7%BE%8E%E5%9C%8B%E9%9B%BB%E8%A6%96%E5%8A%87)
連結,/w/index.php?title=%E7%B6%B2%E9%9A%9B%E7%B6%B2%E8%B7%AF%E6%8E%A5%E5%8F%96&action=edit&redlink=1
連線,/wiki/%E8%BF%9E%E7%BA%BF
道格拉斯·亞當斯,/wiki/%E9%81%93%E6%A0%BC%E6%8B%89%E6%96%AF%C2%B7%E4%BA%9E%E7%95%B6%E6%96%AF
達成共識,/wiki/Wikipedia:%E5%85%B1%E8%AD%98
達特茅斯學院,/wiki/%E9%81%94%E7%89%B9%E8%8C%85%E6%96%AF%E5%AD%B8%E9%99%A2
邁克爾·高爾曼,/w/index.php?title=%E9%82%81%E5%85%8B%E7%88%BE%C2%B7%E9%AB%98%E7%88%BE%E6%9B%BC&action=edit&redlink=1
邏輯函式,/wiki/%E9%82%8F%E8%BC%AF%E5%87%BD%E6%95%B8
邪教組織,/wiki/%E9%82%AA%E6%95%99
部落格,/wiki/%E7%B6%B2%E8%AA%8C
重金屬,/wiki/%E9%87%8D%E9%87%91%E5%B1%AC%E9%9F%B3%E6%A8%82
開放原始碼,/wiki/%E9%96%8B%E6%94%BE%E5%8E%9F%E5%A7%8B%E7%A2%BC
開源,/wiki/%E5%BC%80%E6%BA%90%E8%BD%AF%E4%BB%B6
開發中國家,/wiki/%E9%96%8B%E7%99%BC%E4%B8%AD%E5%9C%8B%E5%AE%B6
關注度,/wiki/Wikipedia:%E9%97%9C%E6%B3%A8%E5%BA%A6
關注度指引,/wiki/%E7%BB%B4%E5%9F%BA%E7%99%BE%E7%A7%91%E7%9A%84%E5%85%B3%E6%B3%A8%E5%BA%A6
阿姆斯特丹,/wiki/%E9%98%BF%E5%A7%86%E6%96%AF%E7%89%B9%E4%B8%B9
隱私權,/wiki/%E9%9A%B1%E7%A7%81%E6%AC%8A
雅各布·勞倫斯,/w/index.php?title=%E9%9B%85%E5%90%84%E5%B8%83%C2%B7%E5%8B%9E%E5%80%AB%E6%96%AF&action=edit&redlink=1
雅虎,/wiki/%E9%9B%85%E8%99%8E
雅諾什·柯特茲,/w/index.php?title=%E9%9B%85%E8%AB%BE%E4%BB%80%C2%B7%E6%9F%AF%E7%89%B9%E8%8C%B2&action=edit&redlink=1
電子藝術大獎,/wiki/%E7%94%B5%E5%AD%90%E8%89%BA%E6%9C%AF%E5%A4%A7%E5%A5%96
電子藝術節,/w/index.php?title=%E5%A5%A7%E5%9C%B0%E5%88%A9%E9%9B%BB%E5%AD%90%E8%97%9D%E8%A1%93%E7%AF%80&action=edit&redlink=1
青春期前,/wiki/%E9%9D%92%E6%98%A5%E6%9C%9F%E5%89%8D
非營利組織,/wiki/%E9%9D%9E%E7%87%9F%E5%88%A9%E7%B5%84%E7%B9%94
頭條百科,/wiki/%E9%A0%AD%E6%A2%9D%E7%99%BE%E7%A7%91
首爾,/wiki/%E9%A6%96%E7%88%BE
馬格努斯·曼斯克,/wiki/%E9%A9%AC%E6%A0%BC%E5%8A%AA%E6%96%AF%C2%B7%E6%9B%BC%E6%96%AF%E5%85%8B
駝峰式大小寫,/wiki/%E9%A7%9D%E5%B3%B0%E5%BC%8F%E5%A4%A7%E5%B0%8F%E5%AF%AB
驗證標準,/wiki/Wikipedia:%E7%94%9F%E8%80%85%E5%82%B3%E8%A8%98
骨腫瘤,/w/index.php?title=%E9%AA%A8%E8%85%AB%E7%98%A4&action=edit&redlink=1
鮑里斯·佛羅瑞斯克,/wiki/%E9%AE%91%E9%87%8C%E6%96%AF%C2%B7%E4%BD%9B%E7%BE%85%E7%91%9E%E6%96%AF%E5%85%8B
鮑里斯·塔迪奇,/wiki/%E9%AE%91%E9%87%8C%E6%96%AF%C2%B7%E5%A1%94%E8%BF%AA%E5%A5%87
麥可·史考特,/w/index.php?title=%E9%BA%A5%E5%8F%AF%C2%B7%E6%96%AF%E7%A7%91%E7%89%B9&action=edit&redlink=1
麥可·斯諾,/wiki/%E9%BA%A5%E5%8F%AF%C2%B7%E6%96%AF%E8%AB%BE
