作者,標題,日期
 8/10,VeryGoodBoy,[情報] 簡吹談無緣季後賽：Zion缺席了44場，無法
 8/10,-,							(本文已被刪除) [fred23]						
 8/10,One102bird,[討論]  目前西區最後席位討論
 8/10,willy911006,[情報] Carmelo Anthony生涯得分超過Paul Pierce
 8/10,namie810303,Re: [情報] 簡吹談無緣季後賽：Zion缺席了44場，
 8/10,asony,[討論] 關於小牛 Doncic
 8/10,-,							(本文已被刪除) [pttmummy]						
 8/10,pneumo,[花邊] 女演員January Jones在IG上對Kawhi放電
 8/10,thnlkj0665,[情報] Lillard 本季五度單場得分50+ 史上第八人
 8/10,aibltjv,Re: [討論]  目前西區最後席位討論
 8/10,-,							(本文已被刪除) [VeryGoodBoy]						
 8/10,-,							(本文已被刪除) [amego2017]						
 5/24,Vedan,[公告] 板規v6.8
 3/09,Vedan,[公告] 第一次被退文，可在三天後刪除退文
 7/31,Acetoxy,[情報] SEASON Schedule 賽程 August 19–20
 7/13,namie810303,[公告] 20賽季若有季後賽 登入調整為720次 
